city,latitude,longitude
ANTALYA,36.88414,30.70563
BURDUR,37.461267,30.066524
ISPARTA,37.764771,30.556561
MERSİN,36.8,34.633333
ADANA,37,35.321333
OSMANİYE,37.213026,36.176261
HATAY,36.401849,36.34981
KAHRAMANMARAŞ,37.585831,36.937149